{
  "geom": {
    "cx": 89.4000015258789,
    "cy": 79.80000305175781,
    "r": 68.72000122070312
  },
  "meta": {
    "T": 720,
    "R": 260,
    "r0": 26,
    "r1": 247,
    "r_start": 0.1,
    "r_end": 0.95,
    "n_std": 1
  },
  "has_band": false
}
