{
  "geom": {
    "cx": 142.20001220703125,
    "cy": 124.20000457763672,
    "r": 109.84000396728516
  },
  "meta": {
    "T": 720,
    "R": 260,
    "r0": 26,
    "r1": 247,
    "r_start": 0.1,
    "r_end": 0.95,
    "n_std": 1
  },
  "has_band": false
}
