{
  "geom": {
    "cx": 85.80000305175781,
    "cy": 75.0,
    "r": 69.80000305175781
  },
  "meta": {
    "T": 720,
    "R": 260,
    "r0": 26,
    "r1": 247,
    "r_start": 0.1,
    "r_end": 0.95,
    "n_std": 1
  },
  "has_band": false,
  "has_robust": false
}
