{
  "geom": {
    "cx": 133.8000030517578,
    "cy": 118.20000457763672,
    "r": 106.36000061035156
  },
  "meta": {
    "T": 720,
    "R": 260,
    "r0": 26,
    "r1": 247,
    "r_start": 0.1,
    "r_end": 0.95,
    "n_std": 1
  },
  "has_band": false,
  "has_robust": false
}
