{
  "geom": {
    "cx": 138.60000610351562,
    "cy": 123.00000762939453,
    "r": 102.63999938964844
  },
  "meta": {
    "T": 720,
    "R": 260,
    "r0": 26,
    "r1": 247,
    "r_start": 0.1,
    "r_end": 0.95,
    "n_std": 1
  },
  "has_band": false,
  "has_robust": false
}
