{
  "geom": {
    "cx": 87.0,
    "cy": 79.80000305175781,
    "r": 66.44000244140625
  },
  "meta": {
    "T": 720,
    "R": 260,
    "r0": 26,
    "r1": 247,
    "r_start": 0.1,
    "r_end": 0.95,
    "n_std": 1
  },
  "has_band": false
}
