{
  "schema_version": "ink_baseline.v1",
  "sku": "DDD",
  "ink": "INK_DEFAULT",
  "expected_ink_count": 2,
  "active": {
    "LOW": "DDD/INK_DEFAULT/LOW/v20260107_111229",
    "MID": "DDD/INK_DEFAULT/MID/v20260107_111230",
    "HIGH": "DDD/INK_DEFAULT/HIGH/v20260107_111232"
  },
  "active_versions": {
    "LOW": "v20260107_111229",
    "MID": "v20260107_111230",
    "HIGH": "v20260107_111232"
  },
  "generated_at": "2026-01-07T11:12:36.805377",
  "source": {
    "std_images": {
      "LOW": [
        "C:\\X\\Color_meter\\lens_signature_engine_v7\\results\\web\\reg_20260107_111228\\D1.png"
      ],
      "MID": [
        "C:\\X\\Color_meter\\lens_signature_engine_v7\\results\\web\\reg_20260107_111228\\D2.png"
      ],
      "HIGH": [
        "C:\\X\\Color_meter\\lens_signature_engine_v7\\results\\web\\reg_20260107_111228\\D3.png"
      ]
    }
  },
  "baseline": {
    "clusters": [
      {
        "mean_lab": [
          74.37350463867188,
          130.9119110107422,
          135.01646423339844
        ],
        "mean_ab": [
          130.9119110107422,
          135.01646423339844
        ],
        "area_ratio": 0.37597452540547077,
        "spread": 4.169129848480225,
        "role": null
      },
      {
        "mean_lab": [
          130.46932983398438,
          126.43425750732422,
          138.26153564453125
        ],
        "mean_ab": [
          126.43425750732422,
          138.26153564453125
        ],
        "area_ratio": 0.6240254745945293,
        "spread": 6.57037878036499,
        "role": null
      }
    ],
    "spread_mean": 5.369754314422607,
    "spread_max": 6.57037878036499,
    "match_cost_low_mid": 3.5091185569763184,
    "match_cost_high_mid": 2.763500839471817,
    "k_expected": 2,
    "k_used": 2,
    "source_modes": {
      "LOW": [
        {
          "area_ratio": 0.6881806694879561,
          "mean_lab": [
            125.8250503540039,
            126.91104888916016,
            137.2232208251953
          ],
          "mean_ab": [
            126.91104888916016,
            137.2232208251953
          ],
          "mean_rgb": [
            119,
            117,
            101
          ],
          "mean_hex": "#777565"
        },
        {
          "area_ratio": 0.31181933051204397,
          "mean_lab": [
            76.4786148071289,
            129.1361083984375,
            135.03504943847656
          ],
          "mean_ab": [
            129.1361083984375,
            135.03504943847656
          ],
          "mean_rgb": [
            76,
            69,
            59
          ],
          "mean_hex": "#4C453B"
        }
      ],
      "MID": [
        {
          "area_ratio": 0.3630098225473948,
          "mean_lab": [
            76.8890380859375,
            131.51962280273438,
            134.88758850097656
          ],
          "mean_ab": [
            131.51962280273438,
            134.88758850097656
          ],
          "mean_rgb": [
            78,
            68,
            61
          ],
          "mean_hex": "#4E443D"
        },
        {
          "area_ratio": 0.6369901774526052,
          "mean_lab": [
            136.91372680664062,
            125.9903564453125,
            137.86280822753906
          ],
          "mean_ab": [
            125.9903564453125,
            137.86280822753906
          ],
          "mean_rgb": [
            129,
            128,
            112
          ],
          "mean_hex": "#818070"
        }
      ],
      "HIGH": [
        {
          "area_ratio": 0.5339408739849505,
          "mean_lab": [
            122.22481536865234,
            126.84527587890625,
            140.09730529785156
          ],
          "mean_ab": [
            126.84527587890625,
            140.09730529785156
          ],
          "mean_rgb": [
            118,
            114,
            93
          ],
          "mean_hex": "#76725D"
        },
        {
          "area_ratio": 0.46605912601504956,
          "mean_lab": [
            67.2373275756836,
            131.47230529785156,
            135.25559997558594
          ],
          "mean_ab": [
            131.47230529785156,
            135.25559997558594
          ],
          "mean_rgb": [
            71,
            60,
            52
          ],
          "mean_hex": "#473C34"
        }
      ]
    },
    "aligned_modes": {
      "LOW": [
        {
          "area_ratio": 0.31181933051204397,
          "mean_lab": [
            76.4786148071289,
            129.1361083984375,
            135.03504943847656
          ],
          "mean_ab": [
            129.1361083984375,
            135.03504943847656
          ],
          "mean_rgb": [
            76,
            69,
            59
          ],
          "mean_hex": "#4C453B"
        },
        {
          "area_ratio": 0.6881806694879561,
          "mean_lab": [
            125.8250503540039,
            126.91104888916016,
            137.2232208251953
          ],
          "mean_ab": [
            126.91104888916016,
            137.2232208251953
          ],
          "mean_rgb": [
            119,
            117,
            101
          ],
          "mean_hex": "#777565"
        }
      ],
      "MID": [
        {
          "area_ratio": 0.3630098225473948,
          "mean_lab": [
            76.8890380859375,
            131.51962280273438,
            134.88758850097656
          ],
          "mean_ab": [
            131.51962280273438,
            134.88758850097656
          ],
          "mean_rgb": [
            78,
            68,
            61
          ],
          "mean_hex": "#4E443D"
        },
        {
          "area_ratio": 0.6369901774526052,
          "mean_lab": [
            136.91372680664062,
            125.9903564453125,
            137.86280822753906
          ],
          "mean_ab": [
            125.9903564453125,
            137.86280822753906
          ],
          "mean_rgb": [
            129,
            128,
            112
          ],
          "mean_hex": "#818070"
        }
      ],
      "HIGH": [
        {
          "area_ratio": 0.46605912601504956,
          "mean_lab": [
            67.2373275756836,
            131.47230529785156,
            135.25559997558594
          ],
          "mean_ab": [
            131.47230529785156,
            135.25559997558594
          ],
          "mean_rgb": [
            71,
            60,
            52
          ],
          "mean_hex": "#473C34"
        },
        {
          "area_ratio": 0.5339408739849505,
          "mean_lab": [
            122.22481536865234,
            126.84527587890625,
            140.09730529785156
          ],
          "mean_ab": [
            126.84527587890625,
            140.09730529785156
          ],
          "mean_rgb": [
            118,
            114,
            93
          ],
          "mean_hex": "#76725D"
        }
      ]
    },
    "aligned_ref": "MID"
  },
  "path": "ink_baselines/DDD/INK_DEFAULT/IB_DDD_INK_DEFAULT_20260107_111236.json"
}
