{
  "geom": {
    "cx": 117.00000381469727,
    "cy": 102.60000228881836,
    "r": 86.10000228881836
  },
  "meta": {
    "r_start": 0.1,
    "r_end": 0.95,
    "R": 260,
    "T": 720,
    "n_std": 2
  },
  "has_band": true
}
