{
  "geom": {
    "cx": 144.60000610351562,
    "cy": 125.4000015258789,
    "r": 103.4800033569336
  },
  "meta": {
    "r_start": 0.1,
    "r_end": 0.95,
    "R": 260,
    "T": 720,
    "n_std": 2
  },
  "has_band": true
}
