{
  "geom": {
    "cx": 84.60000610351562,
    "cy": 84.60000610351562,
    "r": 75.31999969482422
  },
  "meta": {
    "T": 720,
    "R": 260,
    "r0": 26,
    "r1": 247,
    "r_start": 0.1,
    "r_end": 0.95,
    "n_std": 1
  },
  "has_band": false,
  "has_robust": false
}
