{
  "schema_version": "ink_baseline.v1",
  "sku": "GGG",
  "ink": "INK_DEFAULT",
  "expected_ink_count": 3,
  "active": {
    "LOW": "GGG/INK_DEFAULT/LOW/v20260107_111928",
    "MID": "GGG/INK_DEFAULT/MID/v20260107_111929",
    "HIGH": "GGG/INK_DEFAULT/HIGH/v20260107_111930"
  },
  "active_versions": {
    "LOW": "v20260107_111928",
    "MID": "v20260107_111929",
    "HIGH": "v20260107_111930"
  },
  "generated_at": "2026-01-07T11:19:36.458256",
  "source": {
    "std_images": {
      "LOW": [
        "C:\\X\\Color_meter\\lens_signature_engine_v7\\results\\web\\reg_20260107_111928\\G1.png"
      ],
      "MID": [
        "C:\\X\\Color_meter\\lens_signature_engine_v7\\results\\web\\reg_20260107_111928\\G2.png"
      ],
      "HIGH": [
        "C:\\X\\Color_meter\\lens_signature_engine_v7\\results\\web\\reg_20260107_111928\\G3.png"
      ]
    }
  },
  "baseline": {
    "clusters": [
      {
        "mean_lab": [
          148.99392700195312,
          127.76441955566406,
          143.64279174804688
        ],
        "mean_ab": [
          127.76441955566406,
          143.64279174804688
        ],
        "area_ratio": 0.3155253858373171,
        "spread": 3.424551248550415,
        "role": null
      },
      {
        "mean_lab": [
          40.2943229675293,
          131.89556884765625,
          133.99440002441406
        ],
        "mean_ab": [
          131.89556884765625,
          133.99440002441406
        ],
        "area_ratio": 0.2819645352965777,
        "spread": 3.488022565841675,
        "role": null
      },
      {
        "mean_lab": [
          91.00928497314453,
          128.66339111328125,
          136.9200439453125
        ],
        "mean_ab": [
          128.66339111328125,
          136.9200439453125
        ],
        "area_ratio": 0.4025100788661052,
        "spread": 2.305347204208374,
        "role": null
      }
    ],
    "spread_mean": 3.072640339533488,
    "spread_max": 3.488022565841675,
    "match_cost_low_mid": 4.554797410964966,
    "match_cost_high_mid": 3.4046607613563538,
    "k_expected": 3,
    "k_used": 3,
    "source_modes": {
      "LOW": [
        {
          "area_ratio": 0.1848200431442304,
          "mean_lab": [
            45.63120651245117,
            130.7875518798828,
            133.93211364746094
          ],
          "mean_ab": [
            130.7875518798828,
            133.93211364746094
          ],
          "mean_rgb": [
            49,
            42,
            36
          ],
          "mean_hex": "#312A24"
        },
        {
          "area_ratio": 0.324754948340461,
          "mean_lab": [
            152.32606506347656,
            127.45035552978516,
            143.0226593017578
          ],
          "mean_ab": [
            127.45035552978516,
            143.0226593017578
          ],
          "mean_rgb": [
            152,
            143,
            117
          ],
          "mean_hex": "#988F75"
        },
        {
          "area_ratio": 0.4904250085153086,
          "mean_lab": [
            92.75957489013672,
            128.45379638671875,
            137.74542236328125
          ],
          "mean_ab": [
            128.45379638671875,
            137.74542236328125
          ],
          "mean_rgb": [
            91,
            84,
            70
          ],
          "mean_hex": "#5B5446"
        }
      ],
      "MID": [
        {
          "area_ratio": 0.3220392095419025,
          "mean_lab": [
            150.02207946777344,
            127.93626403808594,
            144.5207061767578
          ],
          "mean_ab": [
            127.93626403808594,
            144.5207061767578
          ],
          "mean_rgb": [
            151,
            141,
            114
          ],
          "mean_hex": "#978D72"
        },
        {
          "area_ratio": 0.30507843866899076,
          "mean_lab": [
            39.72504425048828,
            132.42176818847656,
            133.82083129882812
          ],
          "mean_ab": [
            132.42176818847656,
            133.82083129882812
          ],
          "mean_rgb": [
            46,
            36,
            31
          ],
          "mean_hex": "#2E241F"
        },
        {
          "area_ratio": 0.3728823517891067,
          "mean_lab": [
            92.04438018798828,
            128.7401580810547,
            136.43441772460938
          ],
          "mean_ab": [
            128.7401580810547,
            136.43441772460938
          ],
          "mean_rgb": [
            90,
            84,
            72
          ],
          "mean_hex": "#5A5448"
        }
      ],
      "HIGH": [
        {
          "area_ratio": 0.3328812207040989,
          "mean_lab": [
            36.09599304199219,
            131.951171875,
            134.40379333496094
          ],
          "mean_ab": [
            131.951171875,
            134.40379333496094
          ],
          "mean_rgb": [
            43,
            34,
            27
          ],
          "mean_hex": "#2B221B"
        },
        {
          "area_ratio": 0.2932681759250025,
          "mean_lab": [
            143.60545349121094,
            127.73481750488281,
            142.50711059570312
          ],
          "mean_ab": [
            127.73481750488281,
            142.50711059570312
          ],
          "mean_rgb": [
            142,
            134,
            110
          ],
          "mean_hex": "#8E866E"
        },
        {
          "area_ratio": 0.3738506033708986,
          "mean_lab": [
            87.1888198852539,
            128.71942138671875,
            137.06588745117188
          ],
          "mean_ab": [
            128.71942138671875,
            137.06588745117188
          ],
          "mean_rgb": [
            86,
            80,
            66
          ],
          "mean_hex": "#565042"
        }
      ]
    },
    "aligned_modes": {
      "LOW": [
        {
          "area_ratio": 0.324754948340461,
          "mean_lab": [
            152.32606506347656,
            127.45035552978516,
            143.0226593017578
          ],
          "mean_ab": [
            127.45035552978516,
            143.0226593017578
          ],
          "mean_rgb": [
            152,
            143,
            117
          ],
          "mean_hex": "#988F75"
        },
        {
          "area_ratio": 0.1848200431442304,
          "mean_lab": [
            45.63120651245117,
            130.7875518798828,
            133.93211364746094
          ],
          "mean_ab": [
            130.7875518798828,
            133.93211364746094
          ],
          "mean_rgb": [
            49,
            42,
            36
          ],
          "mean_hex": "#312A24"
        },
        {
          "area_ratio": 0.4904250085153086,
          "mean_lab": [
            92.75957489013672,
            128.45379638671875,
            137.74542236328125
          ],
          "mean_ab": [
            128.45379638671875,
            137.74542236328125
          ],
          "mean_rgb": [
            91,
            84,
            70
          ],
          "mean_hex": "#5B5446"
        }
      ],
      "MID": [
        {
          "area_ratio": 0.3220392095419025,
          "mean_lab": [
            150.02207946777344,
            127.93626403808594,
            144.5207061767578
          ],
          "mean_ab": [
            127.93626403808594,
            144.5207061767578
          ],
          "mean_rgb": [
            151,
            141,
            114
          ],
          "mean_hex": "#978D72"
        },
        {
          "area_ratio": 0.30507843866899076,
          "mean_lab": [
            39.72504425048828,
            132.42176818847656,
            133.82083129882812
          ],
          "mean_ab": [
            132.42176818847656,
            133.82083129882812
          ],
          "mean_rgb": [
            46,
            36,
            31
          ],