{
  "schema_version": "ink_baseline.v1",
  "sku": "GGG",
  "ink": "INK_DEFAULT",
  "expected_ink_count": 3,
  "active": {
    "LOW": "GGG/INK_DEFAULT/LOW/v20260106_174225",
    "MID": "GGG/INK_DEFAULT/MID/v20260106_174226",
    "HIGH": "GGG/INK_DEFAULT/HIGH/v20260106_174227"
  },
  "active_versions": {
    "LOW": "v20260106_174225",
    "MID": "v20260106_174226",
    "HIGH": "v20260106_174227"
  },
  "generated_at": "2026-01-06T17:42:29.684186",
  "source": {
    "std_images": {
      "LOW": [
        "C:\\X\\Color_meter\\lens_signature_engine_v7\\results\\web\\reg_20260106_174224\\G1.png"
      ],
      "MID": [
        "C:\\X\\Color_meter\\lens_signature_engine_v7\\results\\web\\reg_20260106_174224\\G2.png"
      ],
      "HIGH": [
        "C:\\X\\Color_meter\\lens_signature_engine_v7\\results\\web\\reg_20260106_174224\\G3.png"
      ]
    }
  },
  "baseline": {
    "clusters": [
      {
        "mean_lab": [
          146.94619750976562,
          128.13760375976562,
          144.5975341796875
        ],
        "mean_ab": [
          128.13760375976562,
          144.5975341796875
        ],
        "area_ratio": 0.32034140006428885,
        "spread": 3.9523613452911377
      },
      {
        "mean_lab": [
          37.72757339477539,
          131.99496459960938,
          133.6417236328125
        ],
        "mean_ab": [
          131.99496459960938,
          133.6417236328125
        ],
        "area_ratio": 0.2866053042545496,
        "spread": 3.6265037059783936
      },
      {
        "mean_lab": [
          84.823974609375,
          129.27902221679688,
          137.53656005859375
        ],
        "mean_ab": [
          129.27902221679688,
          137.53656005859375
        ],
        "area_ratio": 0.39305329568116154,
        "spread": 3.1619961261749268
      }
    ],
    "spread_mean": 3.580287059148153,
    "spread_max": 3.9523613452911377,
    "match_cost_low_mid": 5.009144425392151,
    "match_cost_high_mid": 3.00375497341156,
    "source_modes": {
      "LOW": [
        {
          "area_ratio": 0.18532164485664676,
          "mean_lab": [
            43.179046630859375,
            130.92938232421875,
            133.6255645751953
          ],
          "mean_ab": [
            130.92938232421875,
            133.6255645751953
          ],
          "mean_rgb": [
            47,
            41,
            34
          ],
          "mean_hex": "#2F2922"
        },
        {
          "area_ratio": 0.33907169779358826,
          "mean_lab": [
            151.1128387451172,
            127.60469818115234,
            143.44219970703125
          ],
          "mean_ab": [
            127.60469818115234,
            143.44219970703125
          ],
          "mean_rgb": [
            151,
            142,
            116
          ],
          "mean_hex": "#978E74"
        },
        {
          "area_ratio": 0.475606657349765,
          "mean_lab": [
            88.77792358398438,
            128.68714904785156,
            138.05548095703125
          ],
          "mean_ab": [
            128.68714904785156,
            138.05548095703125
          ],
          "mean_rgb": [
            87,
            81,
            65
          ],
          "mean_hex": "#575141"
        }
      ],
      "MID": [
        {
          "area_ratio": 0.3289102891250804,
          "mean_lab": [
            147.90716552734375,
            128.31747436523438,
            145.54847717285156
          ],
          "mean_ab": [
            128.31747436523438,
            145.54847717285156
          ],
          "mean_rgb": [
            150,
            137,
            109
          ],
          "mean_hex": "#96896D"
        },
        {
          "area_ratio": 0.31324472452126834,
          "mean_lab": [
            37.32181167602539,
            132.51498413085938,
            133.49847412109375
          ],
          "mean_ab": [
            132.51498413085938,
            133.49847412109375
          ],
          "mean_rgb": [
            45,
            34,
            30
          ],
          "mean_hex": "#2D221E"
        },
        {
          "area_ratio": 0.35784498635365125,
          "mean_lab": [
            85.26179504394531,
            129.46710205078125,
            137.1503143310547
          ],
          "mean_ab": [
            129.46710205078125,
            137.1503143310547
          ],
          "mean_rgb": [
            86,
            77,
            64
          ],
          "mean_hex": "#564D40"
        }
      ],
      "HIGH": [
        {
          "area_ratio": 0.3809165526675787,
          "mean_lab": [
            79.99437713623047,
            129.49476623535156,
            137.79014587402344
          ],
          "mean_ab": [
            129.49476623535156,
            137.79014587402344
          ],
          "mean_rgb": [
            80,
            72,
            59
          ],
          "mean_hex": "#50483B"
        },
        {
          "area_ratio": 0.2844733242134063,
          "mean_lab": [
            140.85757446289062,
            128.31072998046875,
            143.85101318359375
          ],
          "mean_ab": [
            128.31072998046875,
            143.85101318359375
          ],
          "mean_rgb": [
            142,
            131,
            106
          ],
          "mean_hex": "#8E836A"
        },
        {
          "area_ratio": 0.33461012311901506,
          "mean_lab": [
            33.08762741088867,
            132.0205078125,
            133.94439697265625
          ],
          "mean_ab": [
            132.0205078125,
            133.94439697265625
          ],
          "mean_rgb": [
            41,
            31,
            27
          ],
          "mean_hex": "#291F1B"
        }
      ]
    }
  },
  "path": "ink_baselines/GGG/INK_DEFAULT/IB_GGG_INK_DEFAULT_20260106_174229.json"
}
