{
  "geom": {
    "cx": 130.20001220703125,
    "cy": 131.40000915527344,
    "r": 114.27999877929688
  },
  "meta": {
    "T": 720,
    "R": 260,
    "r0": 26,
    "r1": 247,
    "r_start": 0.1,
    "r_end": 0.95,
    "n_std": 1
  },
  "has_band": false,
  "has_robust": false
}
