{
  "geom": {
    "cx": 87.0,
    "cy": 77.4000015258789,
    "r": 67.04000091552734
  },
  "meta": {
    "T": 720,
    "R": 260,
    "r0": 26,
    "r1": 247,
    "r_start": 0.1,
    "r_end": 0.95,
    "n_std": 1
  },
  "has_band": false,
  "has_robust": false
}
