{
  "schema_version": "ink_baseline.v1",
  "sku": "fff",
  "ink": "INK_DEFAULT",
  "expected_ink_count": 3,
  "active": {
    "LOW": "fff/INK_DEFAULT/LOW/v20260107_020014",
    "MID": "fff/INK_DEFAULT/MID/v20260107_020015",
    "HIGH": "fff/INK_DEFAULT/HIGH/v20260107_020016"
  },
  "active_versions": {
    "LOW": "v20260107_020014",
    "MID": "v20260107_020015",
    "HIGH": "v20260107_020016"
  },
  "generated_at": "2026-01-07T02:00:18.671996",
  "source": {
    "std_images": {
      "LOW": [
        "C:\\X\\Color_meter\\lens_signature_engine_v7\\results\\web\\reg_20260107_020013\\F1.png"
      ],
      "MID": [
        "C:\\X\\Color_meter\\lens_signature_engine_v7\\results\\web\\reg_20260107_020013\\F2.png"
      ],
      "HIGH": [
        "C:\\X\\Color_meter\\lens_signature_engine_v7\\results\\web\\reg_20260107_020013\\F3.png"
      ]
    }
  },
  "baseline": {
    "clusters": [
      {
        "mean_lab": [
          135.35354614257812,
          128.7724609375,
          151.99314880371094
        ],
        "mean_ab": [
          128.7724609375,
          151.99314880371094
        ],
        "area_ratio": 0.19967204244226547,
        "spread": 4.258684158325195
      },
      {
        "mean_lab": [
          155.6706085205078,
          121.37879943847656,
          139.00489807128906
        ],
        "mean_ab": [
          121.37879943847656,
          139.00489807128906
        ],
        "area_ratio": 0.5704741324446669,
        "spread": 4.32094144821167
      },
      {
        "mean_lab": [
          105.19035339355469,
          124.37164306640625,
          134.83486938476562
        ],
        "mean_ab": [
          124.37164306640625,
          134.83486938476562
        ],
        "area_ratio": 0.2298538251130675,
        "spread": 9.387066841125488
      }
    ],
    "spread_mean": 5.988897482554118,
    "spread_max": 9.387066841125488,
    "match_cost_low_mid": 10.081480383872986,
    "match_cost_high_mid": 6.334285616874695,
    "source_modes": {
      "LOW": [
        {
          "area_ratio": 0.5241099014271002,
          "mean_lab": [
            160.5972137451172,
            121.77265930175781,
            137.85890197753906
          ],
          "mean_ab": [
            121.77265930175781,
            137.85890197753906
          ],
          "mean_rgb": [
            146,
            155,
            136
          ],
          "mean_hex": "#929B88"
        },
        {
          "area_ratio": 0.273852434897749,
          "mean_lab": [
            118.34866333007812,
            122.70075988769531,
            133.91114807128906
          ],
          "mean_ab": [
            122.70075988769531,
            133.91114807128906
          ],
          "mean_rgb": [
            103,
            112,
            101
          ],
          "mean_hex": "#677065"
        },
        {
          "area_ratio": 0.2020376636751508,
          "mean_lab": [
            141.0640869140625,
            126.63362121582031,
            147.72337341308594
          ],
          "mean_ab": [
            126.63362121582031,
            147.72337341308594
          ],
          "mean_rgb": [
            141,
            132,
            99
          ],
          "mean_hex": "#8D8463"
        }
      ],
      "MID": [
        {
          "area_ratio": 0.19591047774261403,
          "mean_lab": [
            133.57342529296875,
            130.05445861816406,
            153.25662231445312
          ],
          "mean_ab": [
            130.05445861816406,
            153.25662231445312
          ],
          "mean_rgb": [
            142,
            122,
            82
          ],
          "mean_hex": "#8E7A52"
        },
        {
          "area_ratio": 0.6128598230021414,
          "mean_lab": [
            156.5854034423828,
            121.23704528808594,
            138.78904724121094
          ],
          "mean_ab": [
            121.23704528808594,
            138.78904724121094
          ],
          "mean_rgb": [
            142,
            151,
            130
          ],
          "mean_hex": "#8E9782"
        },
        {
          "area_ratio": 0.19122969925524455,
          "mean_lab": [
            105.45079803466797,
            124.31057739257812,
            135.82757568359375
          ],
          "mean_ab": [
            124.31057739257812,
            135.82757568359375
          ],
          "mean_rgb": [
            95,
            99,
            86
          ],
          "mean_hex": "#5F6356"
        }
      ],
      "HIGH": [
        {
          "area_ratio": 0.263103467044032,
          "mean_lab": [
            91.51116943359375,
            126.16466522216797,
            133.77320861816406
          ],
          "mean_ab": [
            126.16466522216797,
            133.77320861816406
          ],
          "mean_rgb": [
            84,
            85,
            76
          ],
          "mean_hex": "#54554C"
        },
        {
          "area_ratio": 0.532066982347285,
          "mean_lab": [
            148.91441345214844,
            121.26842498779297,
            140.5825653076172
          ],
          "mean_ab": [
            121.26842498779297,
            140.5825653076172
          ],
          "mean_rgb": [
            136,
            142,
            118
          ],
          "mean_hex": "#888E76"
        },
        {
          "area_ratio": 0.20482955060868302,
          "mean_lab": [
            133.20327758789062,
            128.34730529785156,
            153.7359619140625
          ],
          "mean_ab": [
            128.34730529785156,
            153.7359619140625
          ],
          "mean_rgb": [
            139,
            123,
            81
          ],
          "mean_hex": "#8B7B51"
        }
      ]
    },
    "aligned_modes": {
      "LOW": [
        {
          "area_ratio": 0.2020376636751508,
          "mean_lab": [
            141.0640869140625,
            126.63362121582031,
            147.72337341308594
          ],
          "mean_ab": [
            126.63362121582031,
            147.72337341308594
          ],
          "mean_rgb": [
            141,
            132,
            99
          ],
          "mean_hex": "#8D8463"
        },
        {
          "area_ratio": 0.5241099014271002,
          "mean_lab": [
            160.5972137451172,
            121.77265930175781,
            137.85890197753906
          ],
          "mean_ab": [
            121.77265930175781,
            137.85890197753906
          ],
          "mean_rgb": [
            146,
            155,
            136
          ],
          "mean_hex": "#929B88"
        },
        {
          "area_ratio": 0.273852434897749,
          "mean_lab": [
            118.34866333007812,
            122.70075988769531,
            133.91114807128906
          ],
          "mean_ab": [
            122.70075988769531,
            133.91114807128906
          ],
          "mean_rgb": [
            103,
            112,
            101
          ],
          "mean_hex": "#677065"
        }
      ],
      "MID": [
        {
          "area_ratio": 0.19591047774261403,
          "mean_lab": [
            133.57342529296875,
            130.05445861816406,
            153.25662231445312
          ],
          "mean_ab": [
            130.05445861816406,
            153.25662231445312
          ],
          "mean_rgb": [
            142,
            122,
            82
          ],
          "mean_hex": "#8E7A52"
        },
        {
          "area_ratio": 0.6128598230021414,
          "mean_lab": [
            156.5854034423828,
            121.23704528808594,
            138.78904724121094
          ],
          "mean_ab": [
            121.23704528808594,
            138.78904724121094
          ],
          "mean_rgb": [
            142,
            151,
            130
          ],
          "mean_hex": "#8E9782"
        },
        {
          "area_ratio": 0.19122969925524455,