{
  "geom": {
    "cx": 123.00000762939453,
    "cy": 123.00000762939453,
    "r": 103.72000122070312
  },
  "meta": {
    "T": 720,
    "R": 260,
    "r0": 26,
    "r1": 247,
    "r_start": 0.1,
    "r_end": 0.95,
    "n_std": 1
  },
  "has_band": false
}
